epoch,Accuracy
1,0.46
2,0.49
3,0.5225
4,0.514375
5,0.53875
6,0.521875
7,0.53375
8,0.52625
