epoch,Accuracy
1,0.46375
2,0.5075
3,0.5325
4,0.50375
5,0.544375
6,0.520625
7,0.56125
8,0.520625
