epoch,Accuracy
1,0.455625
2,0.525
3,0.5425
4,0.534375
