epoch,Accuracy
1,0.48625
2,0.511875
3,0.508125
4,0.536875
5,0.525
6,0.516875
7,0.525625
8,0.51875
