epoch,Accuracy
1,0.29875
2,0.37125
3,0.4
4,0.41375
5,0.41875
6,0.4425
7,0.435
8,0.44375
