epoch,Accuracy
1,0.314375
2,0.351875
3,0.40625
4,0.430625
5,0.44
6,0.450625
7,0.475
8,0.465
