epoch,Accuracy
1,0.335
2,0.40375
3,0.42125
4,0.416875
5,0.450625
6,0.4375
7,0.46875
8,0.471875
