epoch,Accuracy
1,0.348125
2,0.39875
3,0.419375
4,0.404375
5,0.4225
6,0.435
7,0.45875
8,0.449375
