epoch,Accuracy
1,0.270625
2,0.375
3,0.3975
4,0.435625
5,0.455
6,0.4425
7,0.4525
8,0.48375
