epoch,Accuracy
1,0.293125
2,0.393125
3,0.405
4,0.44
